i,j,vx,vy,tipo_nodo
0,0,1.000000,0.000000,Entrada
0,1,1.000000,0.000000,Entrada
0,2,1.000000,0.000000,Entrada
0,3,1.000000,0.000000,Entrada
0,4,1.000000,0.000000,Entrada
0,5,0.000000,0.000000,Obstáculo
0,6,0.000000,0.000000,Obstáculo
0,7,0.000000,0.000000,Obstáculo
1,0,0.000000,0.000000,Pared
1,1,0.696078,0.000000,Fluido Libre
1,2,0.917758,0.000000,Fluido Libre
1,3,0.917928,0.000000,Fluido Libre
1,4,0.696445,0.000000,Fluido Libre
1,5,0.000000,0.000000,Obstáculo
1,6,0.000000,0.000000,Obstáculo
1,7,0.000000,0.000000,Obstáculo
2,0,0.000000,0.000000,Pared
2,1,0.549905,0.000000,Fluido Libre
2,2,0.809699,0.000000,Fluido Libre
2,3,0.810570,0.000000,Fluido Libre
2,4,0.551765,0.000000,Fluido Libre
2,5,0.000000,0.000000,Obstáculo
2,6,0.000000,0.000000,Obstáculo
2,7,0.000000,0.000000,Obstáculo
3,0,0.000000,0.000000,Pared
3,1,0.472321,0.000000,Fluido Libre
3,2,0.720840,0.000000,Fluido Libre
3,3,0.724488,0.000000,Fluido Libre
3,4,0.480458,0.000000,Fluido Libre
3,5,0.000000,0.000000,Obstáculo
3,6,0.000000,0.000000,Obstáculo
3,7,0.000000,0.000000,Obstáculo
4,0,0.000000,0.000000,Pared
4,1,0.430292,0.000000,Fluido Libre
4,2,0.664529,0.000000,Fluido Libre
4,3,0.678098,0.000000,Fluido Libre
4,4,0.464652,0.000000,Fluido Libre
4,5,0.000000,0.000000,Obstáculo
4,6,0.000000,0.000000,Obstáculo
4,7,0.000000,0.000000,Obstáculo
5,0,0.000000,0.000000,Pared
5,1,0.411160,0.000000,Fluido Libre
5,2,0.643035,0.000000,Fluido Libre
5,3,0.685507,0.000000,Fluido Libre
5,4,0.558085,0.000000,Fluido Libre
5,5,0.327463,0.000000,Fluido Libre
5,6,0.187288,0.000000,Fluido Libre
5,7,0.000000,0.000000,Pared
6,0,0.000000,0.000000,Pared
6,1,0.406400,0.000000,Fluido Libre
6,2,0.644507,0.000000,Fluido Libre
6,3,0.715695,0.000000,Fluido Libre
6,4,0.645061,0.000000,Fluido Libre
6,5,0.483670,0.000000,Fluido Libre
6,6,0.288726,0.000000,Fluido Libre
6,7,0.000000,0.000000,Pared
7,0,0.000000,0.000000,Pared
7,1,0.409619,0.000000,Fluido Libre
7,2,0.657589,0.000000,Fluido Libre
7,3,0.751221,0.000000,Fluido Libre
7,4,0.712645,0.000000,Fluido Libre
7,5,0.572748,0.000000,Fluido Libre
7,6,0.347002,0.000000,Fluido Libre
7,7,0.000000,0.000000,Pared
8,0,0.000000,0.000000,Pared
8,1,0.416569,0.000000,Fluido Libre
8,2,0.675054,0.000000,Fluido Libre
8,3,0.784978,0.000000,Fluido Libre
8,4,0.763890,0.000000,Fluido Libre
8,5,0.629414,0.000000,Fluido Libre
8,6,0.382869,0.000000,Fluido Libre
8,7,0.000000,0.000000,Pared
9,0,0.000000,0.000000,Pared
9,1,0.424754,0.000000,Fluido Libre
9,2,0.693047,0.000000,Fluido Libre
9,3,0.814639,0.000000,Fluido Libre
9,4,0.803052,0.000000,Fluido Libre
9,5,0.668182,0.000000,Fluido Libre
9,6,0.406440,0.000000,Fluido Libre
9,7,0.000000,0.000000,Pared
10,0,0.000000,0.000000,Pared
10,1,0.432862,0.000000,Fluido Libre
10,2,0.709773,0.000000,Fluido Libre
10,3,0.839816,0.000000,Fluido Libre
10,4,0.833414,0.000000,Fluido Libre
10,5,0.696104,0.000000,Fluido Libre
10,6,0.422826,0.000000,Fluido Libre
10,7,0.000000,0.000000,Pared
11,0,0.000000,0.000000,Pared
11,1,0.440283,0.000000,Fluido Libre
11,2,0.724542,0.000000,Fluido Libre
11,3,0.860836,0.000000,Fluido Libre
11,4,0.857281,0.000000,Fluido Libre
11,5,0.716979,0.000000,Fluido Libre
11,6,0.434746,0.000000,Fluido Libre
11,7,0.000000,0.000000,Pared
12,0,0.000000,0.000000,Pared
12,1,0.446793,0.000000,Fluido Libre
12,2,0.737222,0.000000,Fluido Libre
12,3,0.878243,0.000000,Fluido Libre
12,4,0.876261,0.000000,Fluido Libre
12,5,0.733015,0.000000,Fluido Libre
12,6,0.443722,0.000000,Fluido Libre
12,7,0.000000,0.000000,Pared
13,0,0.000000,0.000000,Pared
13,1,0.452369,0.000000,Fluido Libre
13,2,0.747932,0.000000,Fluido Libre
13,3,0.892603,0.000000,Fluido Libre
13,4,0.891493,0.000000,Fluido Libre
13,5,0.745583,0.000000,Fluido Libre
13,6,0.450657,0.000000,Fluido Libre
13,7,0.000000,0.000000,Pared
14,0,0.000000,0.000000,Pared
14,1,0.457074,0.000000,Fluido Libre
14,2,0.756892,0.000000,Fluido Libre
14,3,0.904428,0.000000,Fluido Libre
14,4,0.903806,0.000000,Fluido Libre
14,5,0.755575,0.000000,Fluido Libre
14,6,0.456117,0.000000,Fluido Libre
14,7,0.000000,0.000000,Pared
15,0,0.000000,0.000000,Pared
15,1,0.461011,0.000000,Fluido Libre
15,2,0.764344,0.000000,Fluido Libre
15,3,0.914162,0.000000,Fluido Libre
15,4,0.913812,0.000000,Fluido Libre
15,5,0.763605,0.000000,Fluido Libre
15,6,0.460474,0.000000,Fluido Libre
15,7,0.000000,0.000000,Pared
16,0,0.000000,0.000000,Pared
16,1,0.464286,0.000000,Fluido Libre
16,2,0.770522,0.000000,Fluido Libre
16,3,0.922174,0.000000,Fluido Libre
16,4,0.921977,0.000000,Fluido Libre
16,5,0.770106,0.000000,Fluido Libre
16,6,0.463984,0.000000,Fluido Libre
16,7,0.000000,0.000000,Pared
17,0,0.000000,0.000000,Pared
17,1,0.467003,0.000000,Fluido Libre
17,2,0.775634,0.000000,Fluido Libre
17,3,0.928772,0.000000,Fluido Libre
17,4,0.928661,0.000000,Fluido Libre
17,5,0.775399,0.000000,Fluido Libre
17,6,0.466833,0.000000,Fluido Libre
17,7,0.000000,0.000000,Pared
18,0,0.000000,0.000000,Pared
18,1,0.469253,0.000000,Fluido Libre
18,2,0.779859,0.000000,Fluido Libre
18,3,0.934209,0.000000,Fluido Libre
18,4,0.934146,0.000000,Fluido Libre
18,5,0.779727,0.000000,Fluido Libre
18,6,0.469157,0.000000,Fluido Libre
18,7,0.000000,0.000000,Pared
19,0,0.000000,0.000000,Pared
19,1,0.471114,0.000000,Fluido Libre
19,2,0.783350,0.000000,Fluido Libre
19,3,0.938691,0.000000,Fluido Libre
19,4,0.938655,0.000000,Fluido Libre
19,5,0.783275,0.000000,Fluido Libre
19,6,0.471059,0.000000,Fluido Libre
19,7,0.000000,0.000000,Pared
20,0,0.000000,0.000000,Pared
20,1,0.472652,0.000000,Fluido Libre
20,2,0.786234,0.000000,Fluido Libre
20,3,0.942388,0.000000,Fluido Libre
20,4,0.942368,0.000000,Fluido Libre
20,5,0.786192,0.000000,Fluido Libre
20,6,0.472621,0.000000,Fluido Libre
20,7,0.000000,0.000000,Pared
21,0,0.000000,0.000000,Pared
21,1,0.473923,0.000000,Fluido Libre
21,2,0.788616,0.000000,Fluido Libre
21,3,0.945440,0.000000,Fluido Libre
21,4,0.945428,0.000000,Fluido Libre
21,5,0.788592,0.000000,Fluido Libre
21,6,0.473905,0.000000,Fluido Libre
21,7,0.000000,0.000000,Pared
22,0,0.000000,0.000000,Pared
22,1,0.474973,0.000000,Fluido Libre
22,2,0.790585,0.000000,Fluido Libre
22,3,0.947959,0.000000,Fluido Libre
22,4,0.947953,0.000000,Fluido Libre
22,5,0.790571,0.000000,Fluido Libre
22,6,0.474964,0.000000,Fluido Libre
22,7,0.000000,0.000000,Pared
23,0,0.000000,0.000000,Pared
23,1,0.475842,0.000000,Fluido Libre
23,2,0.792211,0.000000,Fluido Libre
23,3,0.950041,0.000000,Fluido Libre
23,4,0.950037,0.000000,Fluido Libre
23,5,0.792204,0.000000,Fluido Libre
23,6,0.475836,0.000000,Fluido Libre
23,7,0.000000,0.000000,Pared
24,0,0.000000,0.000000,Pared
24,1,0.476559,0.000000,Fluido Libre
24,2,0.793555,0.000000,Fluido Libre
24,3,0.951760,0.000000,Fluido Libre
24,4,0.951758,0.000000,Fluido Libre
24,5,0.793551,0.000000,Fluido Libre
24,6,0.476556,0.000000,Fluido Libre
24,7,0.000000,0.000000,Pared
25,0,0.000000,0.000000,Pared
25,1,0.477151,0.000000,Fluido Libre
25,2,0.794665,0.000000,Fluido Libre
25,3,0.953179,0.000000,Fluido Libre
25,4,0.953178,0.000000,Fluido Libre
25,5,0.794663,0.000000,Fluido Libre
25,6,0.477149,0.000000,Fluido Libre
25,7,0.000000,0.000000,Pared
26,0,0.000000,0.000000,Pared
26,1,0.477636,0.000000,Fluido Libre
26,2,0.795577,0.000000,Fluido Libre
26,3,0.954348,0.000000,Fluido Libre
26,4,0.954348,0.000000,Fluido Libre
26,5,0.795577,0.000000,Fluido Libre
26,6,0.477637,0.000000,Fluido Libre
26,7,0.000000,0.000000,Pared
27,0,0.000000,0.000000,Pared
27,1,0.478025,0.000000,Fluido Libre
27,2,0.796315,0.000000,Fluido Libre
27,3,0.955299,0.000000,Fluido Libre
27,4,0.955301,0.000000,Fluido Libre
27,5,0.796321,0.000000,Fluido Libre
27,6,0.478031,0.000000,Fluido Libre
27,7,0.000000,0.000000,Pared
28,0,0.000000,0.000000,Pared
28,1,0.478308,0.000000,Fluido Libre
28,2,0.796877,0.000000,Fluido Libre
28,3,0.956040,0.000000,Fluido Libre
28,4,0.956049,0.000000,Fluido Libre
28,5,0.796901,0.000000,Fluido Libre
28,6,0.478334,0.000000,Fluido Libre
28,7,0.000000,0.000000,Pared
29,0,0.000000,0.000000,Pared
29,1,0.478428,0.000000,Fluido Libre
29,2,0.797197,0.000000,Fluido Libre
29,3,0.956520,0.000000,Fluido Libre
29,4,0.956552,0.000000,Fluido Libre
29,5,0.797283,0.000000,Fluido Libre
29,6,0.478520,0.000000,Fluido Libre
29,7,0.000000,0.000000,Pared
30,0,0.000000,0.000000,Pared
30,1,0.478173,0.000000,Fluido Libre
30,2,0.797020,0.000000,Fluido Libre
30,3,0.956521,0.000000,Fluido Libre
30,4,0.956636,0.000000,Fluido Libre
30,5,0.797331,0.000000,Fluido Libre
30,6,0.478503,0.000000,Fluido Libre
30,7,0.000000,0.000000,Pared
31,0,0.000000,0.000000,Pared
31,1,0.476873,0.000000,Fluido Libre
31,2,0.795522,0.000000,Fluido Libre
31,3,0.955343,0.000000,Fluido Libre
31,4,0.955763,0.000000,Fluido Libre
31,5,0.796647,0.000000,Fluido Libre
31,6,0.478051,0.000000,Fluido Libre
31,7,0.000000,0.000000,Pared
32,0,0.000000,0.000000,Pared
32,1,0.472427,0.000000,Fluido Libre
32,2,0.790100,0.000000,Fluido Libre
32,3,0.950866,0.000000,Fluido Libre
32,4,0.952405,0.000000,Fluido Libre
32,5,0.794193,0.000000,Fluido Libre
32,6,0.476597,0.000000,Fluido Libre
32,7,0.000000,0.000000,Pared
33,0,0.000000,0.000000,Pared
33,1,0.458364,0.000000,Fluido Libre
33,2,0.772484,0.000000,Fluido Libre
33,3,0.936799,0.000000,Fluido Libre
33,4,0.942465,0.000000,Fluido Libre
33,5,0.787485,0.000000,Fluido Libre
33,6,0.472922,0.000000,Fluido Libre
33,7,0.000000,0.000000,Pared
34,0,0.000000,0.000000,Pared
34,1,0.415495,0.000000,Fluido Libre
34,2,0.716088,0.000000,Fluido Libre
34,3,0.895399,0.000000,Fluido Libre
34,4,0.916028,0.000000,Fluido Libre
34,5,0.771379,0.000000,Fluido Libre
34,6,0.464822,0.000000,Fluido Libre
34,7,0.000000,0.000000,Pared
35,0,0.000000,0.000000,Pared
35,1,0.293220,0.000000,Fluido Libre
35,2,0.536470,0.000000,Fluido Libre
35,3,0.784494,0.000000,Fluido Libre
35,4,0.854649,0.000000,Fluido Libre
35,5,0.738152,0.000000,Fluido Libre
35,6,0.449556,0.000000,Fluido Libre
35,7,0.000000,0.000000,Pared
36,0,0.000000,0.000000,Obstáculo
36,1,0.000000,0.000000,Obstáculo
36,2,0.000000,0.000000,Obstáculo
36,3,0.559831,0.000000,Fluido Libre
36,4,0.748207,0.000000,Fluido Libre
36,5,0.685231,0.000000,Fluido Libre
36,6,0.426677,0.000000,Fluido Libre
36,7,0.000000,0.000000,Pared
37,0,0.000000,0.000000,Obstáculo
37,1,0.000000,0.000000,Obstáculo
37,2,0.000000,0.000000,Obstáculo
37,3,0.454157,0.000000,Fluido Libre
37,4,0.660478,0.000000,Fluido Libre
37,5,0.631266,0.000000,Fluido Libre
37,6,0.401713,0.000000,Fluido Libre
37,7,0.000000,0.000000,Pared
38,0,0.000000,0.000000,Obstáculo
38,1,0.000000,0.000000,Obstáculo
38,2,0.000000,0.000000,Obstáculo
38,3,0.400031,0.000000,Fluido Libre
38,4,0.599012,0.000000,Fluido Libre
38,5,0.586468,0.000000,Fluido Libre
38,6,0.379419,0.000000,Fluido Libre
38,7,0.000000,0.000000,Pared
39,0,0.000000,0.000000,Obstáculo
39,1,0.000000,0.000000,Obstáculo
39,2,0.000000,0.000000,Obstáculo
39,3,0.370155,0.000000,Fluido Libre
39,4,0.558539,0.000000,Fluido Libre
39,5,0.553319,0.000000,Fluido Libre
39,6,0.361953,0.000000,Fluido Libre
39,7,0.000000,0.000000,Pared
40,0,0.000000,0.000000,Obstáculo
40,1,0.000000,0.000000,Obstáculo
40,2,0.000000,0.000000,Obstáculo
40,3,0.353423,0.000000,Fluido Libre
40,4,0.533324,0.000000,Fluido Libre
40,5,0.530961,0.000000,Fluido Libre
40,6,0.349692,0.000000,Fluido Libre
40,7,0.000000,0.000000,Pared
41,0,0.000000,0.000000,Obstáculo
41,1,0.000000,0.000000,Obstáculo
41,2,0.000000,0.000000,Obstáculo
41,3,0.345934,0.000000,Fluido Libre
41,4,0.520130,0.000000,Fluido Libre
41,5,0.518183,0.000000,Fluido Libre
41,6,0.342442,0.000000,Fluido Libre
41,7,0.000000,0.000000,Pared
42,0,0.000000,0.000000,Obstáculo
42,1,0.000000,0.000000,Obstáculo
42,2,0.000000,0.000000,Obstáculo
42,3,0.349505,0.000000,Fluido Libre
42,4,0.519478,0.000000,Fluido Libre
42,5,0.515083,0.000000,Fluido Libre
42,6,0.340281,0.000000,Fluido Libre
42,7,0.000000,0.000000,Pared
43,0,0.000000,0.000000,Obstáculo
43,1,0.000000,0.000000,Obstáculo
43,2,0.000000,0.000000,Obstáculo
43,3,0.378258,0.000000,Fluido Libre
43,4,0.537778,0.000000,Fluido Libre
43,5,0.523853,0.000000,Fluido Libre
43,6,0.343835,0.000000,Fluido Libre
43,7,0.000000,0.000000,Pared
44,0,0.000000,0.000000,Pared
44,1,0.179362,0.000000,Fluido Libre
44,2,0.304871,0.000000,Fluido Libre
44,3,0.492864,0.000000,Fluido Libre
44,4,0.587926,0.000000,Fluido Libre
44,5,0.547102,0.000000,Fluido Libre
44,6,0.353474,0.000000,Fluido Libre
44,7,0.000000,0.000000,Pared
45,0,0.000000,0.000000,Pared
45,1,0.277459,0.000000,Fluido Libre
45,2,0.456909,0.000000,Fluido Libre
45,3,0.593421,0.000000,Fluido Libre
45,4,0.645682,0.000000,Fluido Libre
45,5,0.577952,0.000000,Fluido Libre
45,6,0.367065,0.000000,Fluido Libre
45,7,0.000000,0.000000,Pared
46,0,0.000000,0.000000,Pared
46,1,0.335182,0.000000,Fluido Libre
46,2,0.547260,0.000000,Fluido Libre
46,3,0.671121,0.000000,Fluido Libre
46,4,0.699425,0.000000,Fluido Libre
46,5,0.610193,0.000000,Fluido Libre
46,6,0.382082,0.000000,Fluido Libre
46,7,0.000000,0.000000,Pared
47,0,0.000000,0.000000,Pared
47,1,0.371822,0.000000,Fluido Libre
47,2,0.606861,0.000000,Fluido Libre
47,3,0.730310,0.000000,Fluido Libre
47,4,0.745671,0.000000,Fluido Libre
47,5,0.640352,0.000000,Fluido Libre
47,6,0.396741,0.000000,Fluido Libre
47,7,0.000000,0.000000,Pared
48,0,0.000000,0.000000,Pared
48,1,0.396678,0.000000,Fluido Libre
48,2,0.648888,0.000000,Fluido Libre
48,3,0.775820,0.000000,Fluido Libre
48,4,0.784208,0.000000,Fluido Libre
48,5,0.666984,0.000000,Fluido Libre
48,6,0.410087,0.000000,Fluido Libre
48,7,0.000000,0.000000,Pared
49,0,0.000000,0.000000,Pared
49,1,0.414458,0.000000,Fluido Libre
49,2,0.679887,0.000000,Fluido Libre
49,3,0.811281,0.000000,Fluido Libre
49,4,0.815893,0.000000,Fluido Libre
49,5,0.689771,0.000000,Fluido Libre
49,6,0.421748,0.000000,Fluido Libre
49,7,0.000000,0.000000,Pared
50,0,0.000000,0.000000,Pared
50,1,0.427695,0.000000,Fluido Libre
50,2,0.703481,0.000000,Fluido Libre
50,3,0.839257,0.000000,Fluido Libre
50,4,0.841807,0.000000,Fluido Libre
50,5,0.708923,0.000000,Fluido Libre
50,6,0.431692,0.000000,Fluido Libre
50,7,0.000000,0.000000,Pared
51,0,0.000000,0.000000,Pared
51,1,0.437839,0.000000,Fluido Libre
51,2,0.721842,0.000000,Fluido Libre
51,3,0.861555,0.000000,Fluido Libre
51,4,0.862972,0.000000,Fluido Libre
51,5,0.724857,0.000000,Fluido Libre
51,6,0.440045,0.000000,Fluido Libre
51,7,0.000000,0.000000,Pared
52,0,0.000000,0.000000,Pared
52,1,0.445777,0.000000,Fluido Libre
52,2,0.736362,0.000000,Fluido Libre
52,3,0.879474,0.000000,Fluido Libre
52,4,0.880264,0.000000,Fluido Libre
52,5,0.738040,0.000000,Fluido Libre
52,6,0.447002,0.000000,Fluido Libre
52,7,0.000000,0.000000,Pared
53,0,0.000000,0.000000,Pared
53,1,0.452082,0.000000,Fluido Libre
53,2,0.747977,0.000000,Fluido Libre
53,3,0.893964,0.000000,Fluido Libre
53,4,0.894407,0.000000,Fluido Libre
53,5,0.748914,0.000000,Fluido Libre
53,6,0.452765,0.000000,Fluido Libre
53,7,0.000000,0.000000,Pared
54,0,0.000000,0.000000,Pared
54,1,0.457143,0.000000,Fluido Libre
54,2,0.757346,0.000000,Fluido Libre
54,3,0.905741,0.000000,Fluido Libre
54,4,0.905990,0.000000,Fluido Libre
54,5,0.757872,0.000000,Fluido Libre
54,6,0.457525,0.000000,Fluido Libre
54,7,0.000000,0.000000,Pared
55,0,0.000000,0.000000,Pared
55,1,0.461238,0.000000,Fluido Libre
55,2,0.764951,0.000000,Fluido Libre
55,3,0.915350,0.000000,Fluido Libre
55,4,0.915489,0.000000,Fluido Libre
55,5,0.765247,0.000000,Fluido Libre
55,6,0.461452,0.000000,Fluido Libre
55,7,0.000000,0.000000,Pared
56,0,0.000000,0.000000,Pared
56,1,0.464569,0.000000,Fluido Libre
56,2,0.771153,0.000000,Fluido Libre
56,3,0.923212,0.000000,Fluido Libre
56,4,0.923291,0.000000,Fluido Libre
56,5,0.771319,0.000000,Fluido Libre
56,6,0.464689,0.000000,Fluido Libre
56,7,0.000000,0.000000,Pared
57,0,0.000000,0.000000,Pared
57,1,0.467289,0.000000,Fluido Libre
57,2,0.776227,0.000000,Fluido Libre
57,3,0.929661,0.000000,Fluido Libre
57,4,0.929705,0.000000,Fluido Libre
57,5,0.776321,0.000000,Fluido Libre
57,6,0.467357,0.000000,Fluido Libre
57,7,0.000000,0.000000,Pared
58,0,0.000000,0.000000,Pared
58,1,0.469519,0.000000,Fluido Libre
58,2,0.780389,0.000000,Fluido Libre
58,3,0.934960,0.000000,Fluido Libre
58,4,0.934985,0.000000,Fluido Libre
58,5,0.780442,0.000000,Fluido Libre
58,6,0.469557,0.000000,Fluido Libre
58,7,0.000000,0.000000,Pared
59,0,0.000000,0.000000,Pared
59,1,0.471350,0.000000,Fluido Libre
59,2,0.783811,0.000000,Fluido Libre
59,3,0.939321,0.000000,Fluido Libre
59,4,0.939336,0.000000,Fluido Libre
59,5,0.783841,0.000000,Fluido Libre
59,6,0.471372,0.000000,Fluido Libre
59,7,0.000000,0.000000,Pared
60,0,0.000000,0.000000,Pared
60,1,0.472856,0.000000,Fluido Libre
60,2,0.786627,0.000000,Fluido Libre
60,3,0.942914,0.000000,Fluido Libre
60,4,0.942922,0.000000,Fluido Libre
60,5,0.786644,0.000000,Fluido Libre
60,6,0.472868,0.000000,Fluido Libre
60,7,0.000000,0.000000,Pared
61,0,0.000000,0.000000,Pared
61,1,0.474097,0.000000,Fluido Libre
61,2,0.788949,0.000000,Fluido Libre
61,3,0.945878,0.000000,Fluido Libre
61,4,0.945882,0.000000,Fluido Libre
61,5,0.788958,0.000000,Fluido Libre
61,6,0.474104,0.000000,Fluido Libre
61,7,0.000000,0.000000,Pared
62,0,0.000000,0.000000,Pared
62,1,0.475121,0.000000,Fluido Libre
62,2,0.790864,0.000000,Fluido Libre
62,3,0.948323,0.000000,Fluido Libre
62,4,0.948326,0.000000,Fluido Libre
62,5,0.790869,0.000000,Fluido Libre
62,6,0.475124,0.000000,Fluido Libre
62,7,0.000000,0.000000,Pared
63,0,0.000000,0.000000,Pared
63,1,0.475965,0.000000,Fluido Libre
63,2,0.792444,0.000000,Fluido Libre
63,3,0.950343,0.000000,Fluido Libre
63,4,0.950344,0.000000,Fluido Libre
63,5,0.792448,0.000000,Fluido Libre
63,6,0.475967,0.000000,Fluido Libre
63,7,0.000000,0.000000,Pared
64,0,0.000000,0.000000,Pared
64,1,0.476663,0.000000,Fluido Libre
64,2,0.793750,0.000000,Fluido Libre
64,3,0.952011,0.000000,Fluido Libre
64,4,0.952012,0.000000,Fluido Libre
64,5,0.793752,0.000000,Fluido Libre
64,6,0.476664,0.000000,Fluido Libre
64,7,0.000000,0.000000,Pared
65,0,0.000000,0.000000,Pared
65,1,0.477239,0.000000,Fluido Libre
65,2,0.794829,0.000000,Fluido Libre
65,3,0.953390,0.000000,Fluido Libre
65,4,0.953391,0.000000,Fluido Libre
65,5,0.794830,0.000000,Fluido Libre
65,6,0.477240,0.000000,Fluido Libre
65,7,0.000000,0.000000,Pared
66,0,0.000000,0.000000,Pared
66,1,0.477716,0.000000,Fluido Libre
66,2,0.795722,0.000000,Fluido Libre
66,3,0.954530,0.000000,Fluido Libre
66,4,0.954531,0.000000,Fluido Libre
66,5,0.795722,0.000000,Fluido Libre
66,6,0.477716,0.000000,Fluido Libre
66,7,0.000000,0.000000,Pared
67,0,0.000000,0.000000,Pared
67,1,0.478110,0.000000,Fluido Libre
67,2,0.796459,0.000000,Fluido Libre
67,3,0.955473,0.000000,Fluido Libre
67,4,0.955473,0.000000,Fluido Libre
67,5,0.796460,0.000000,Fluido Libre
67,6,0.478110,0.000000,Fluido Libre
67,7,0.000000,0.000000,Pared
68,0,0.000000,0.000000,Pared
68,1,0.478435,0.000000,Fluido Libre
68,2,0.797069,0.000000,Fluido Libre
68,3,0.956253,0.000000,Fluido Libre
68,4,0.956253,0.000000,Fluido Libre
68,5,0.797070,0.000000,Fluido Libre
68,6,0.478436,0.000000,Fluido Libre
68,7,0.000000,0.000000,Pared
69,0,0.000000,0.000000,Pared
69,1,0.478705,0.000000,Fluido Libre
69,2,0.797574,0.000000,Fluido Libre
69,3,0.956899,0.000000,Fluido Libre
69,4,0.956899,0.000000,Fluido Libre
69,5,0.797574,0.000000,Fluido Libre
69,6,0.478705,0.000000,Fluido Libre
69,7,0.000000,0.000000,Pared
70,0,0.000000,0.000000,Pared
70,1,0.478928,0.000000,Fluido Libre
70,2,0.797992,0.000000,Fluido Libre
70,3,0.957433,0.000000,Fluido Libre
70,4,0.957433,0.000000,Fluido Libre
70,5,0.797992,0.000000,Fluido Libre
70,6,0.478928,0.000000,Fluido Libre
70,7,0.000000,0.000000,Pared
71,0,0.000000,0.000000,Pared
71,1,0.479113,0.000000,Fluido Libre
71,2,0.798338,0.000000,Fluido Libre
71,3,0.957875,0.000000,Fluido Libre
71,4,0.957875,0.000000,Fluido Libre
71,5,0.798338,0.000000,Fluido Libre
71,6,0.479113,0.000000,Fluido Libre
71,7,0.000000,0.000000,Pared
72,0,0.000000,0.000000,Pared
72,1,0.479265,0.000000,Fluido Libre
72,2,0.798624,0.000000,Fluido Libre
72,3,0.958240,0.000000,Fluido Libre
72,4,0.958240,0.000000,Fluido Libre
72,5,0.798624,0.000000,Fluido Libre
72,6,0.479265,0.000000,Fluido Libre
72,7,0.000000,0.000000,Pared
73,0,0.000000,0.000000,Pared
73,1,0.479392,0.000000,Fluido Libre
73,2,0.798861,0.000000,Fluido Libre
73,3,0.958543,0.000000,Fluido Libre
73,4,0.958543,0.000000,Fluido Libre
73,5,0.798861,0.000000,Fluido Libre
73,6,0.479392,0.000000,Fluido Libre
73,7,0.000000,0.000000,Pared
74,0,0.000000,0.000000,Pared
74,1,0.479496,0.000000,Fluido Libre
74,2,0.799056,0.000000,Fluido Libre
74,3,0.958793,0.000000,Fluido Libre
74,4,0.958793,0.000000,Fluido Libre
74,5,0.799056,0.000000,Fluido Libre
74,6,0.479496,0.000000,Fluido Libre
74,7,0.000000,0.000000,Pared
75,0,0.000000,0.000000,Pared
75,1,0.479582,0.000000,Fluido Libre
75,2,0.799217,0.000000,Fluido Libre
75,3,0.959000,0.000000,Fluido Libre
75,4,0.959000,0.000000,Fluido Libre
75,5,0.799217,0.000000,Fluido Libre
75,6,0.479582,0.000000,Fluido Libre
75,7,0.000000,0.000000,Pared
76,0,0.000000,0.000000,Pared
76,1,0.479652,0.000000,Fluido Libre
76,2,0.799349,0.000000,Fluido Libre
76,3,0.959168,0.000000,Fluido Libre
76,4,0.959168,0.000000,Fluido Libre
76,5,0.799349,0.000000,Fluido Libre
76,6,0.479652,0.000000,Fluido Libre
76,7,0.000000,0.000000,Pared
77,0,0.000000,0.000000,Pared
77,1,0.479705,0.000000,Fluido Libre
77,2,0.799451,0.000000,Fluido Libre
77,3,0.959301,0.000000,Fluido Libre
77,4,0.959301,0.000000,Fluido Libre
77,5,0.799451,0.000000,Fluido Libre
77,6,0.479705,0.000000,Fluido Libre
77,7,0.000000,0.000000,Pared
78,0,0.000000,0.000000,Pared
78,1,0.479738,0.000000,Fluido Libre
78,2,0.799517,0.000000,Fluido Libre
78,3,0.959388,0.000000,Fluido Libre
78,4,0.959388,0.000000,Fluido Libre
78,5,0.799517,0.000000,Fluido Libre
78,6,0.479738,0.000000,Fluido Libre
78,7,0.000000,0.000000,Pared
79,0,0.000000,0.000000,Pared
79,1,0.479738,0.000000,Salida
79,2,0.799517,0.000000,Salida
79,3,0.959388,0.000000,Salida
79,4,0.959388,0.000000,Salida
79,5,0.799517,0.000000,Salida
79,6,0.479738,0.000000,Salida
79,7,0.000000,0.000000,Pared
